Index,X0,X1,Fitness_F0
0,-0.002375,0.003498,0.003546
