region,lower_bound,upper_bound
region 0,[  0.           1.         203.46104431   2.38305116],[118.25033569   3.         329.00074768   3.        ]
