Index,X0,X1,Fitness_F0
0,0.006066,0.001062,0.007523
