Index,X0,X1,Fitness_F0,Fitness_F1
0,4.891308,2.690135,124.646885,5.347290
1,2.218088,2.165176,38.431610,15.775260
2,1.149723,0.174226,5.408867,38.112730
3,1.024396,0.708107,6.203207,34.225777
4,0.980300,0.928293,7.290861,32.736789
5,1.005221,0.747331,6.275895,34.043448
6,1.175195,2.934411,39.967412,18.895787
