Index,X0,X1,F0,Critical
0,1.970931,-0.299743,17.215561,1
