Index,X0,X1,Fitness_F0
0,0.029163,0.004076,0.171558
