region,lower_bound,upper_bound
region 0,[  0.           1.         275.46914673   1.        ],[360.           2.96494615 276.13858032   3.        ]
